Usuário 1; usuario1@email.com.br; 123456
Usuário 2; usuario2@email.com.br; 123456
Usuário 3; usuario3@email.com.br; 123456
Usuário 4; usuario4@email.com.br; 123456
Usuário 5; usuario5@email.com.br; 123456
Usuário 6; usuario6@email.com.br; 123456
Usuário 7; usuario7@email.com.br; 123456
Usuário 8; usuario8@email.com.br; 123456
Usuário 9; usuario9@email.com.br; 123456
Usuário 10; usuario10@email.com.br; 123456
Usuário 11; usuario11@email.com.br; 123456
Usuário 12; usuario12@email.com.br; 123456
Usuário 13; usuario13@email.com.br; 123456
Usuário 14; usuario14@email.com.br; 123456
Usuário 15; usuario15@email.com.br; 123456
Usuário 16; usuario16@email.com.br; 123456
Usuário 17; usuario17@email.com.br; 123456
Usuário 18; usuario18@email.com.br; 123456
Usuário 19; usuario19@email.com.br; 123456
Usuário 20; usuario20@email.com.br; 123456
Usuário 21; usuario21@email.com.br; 123456
Usuário 22; usuario22@email.com.br; 123456
Usuário 23; usuario23@email.com.br; 123456
Usuário 24; usuario24@email.com.br; 123456
Usuário 25; usuario25@email.com.br; 123456
Usuário 26; usuario26@email.com.br; 123456
Usuário 27; usuario27@email.com.br; 123456
Usuário 28; usuario28@email.com.br; 123456
Usuário 29; usuario29@email.com.br; 123456
Usuário 30; usuario30@email.com.br; 123456
Usuário 31; usuario31@email.com.br; 123456
Usuário 32; usuario32@email.com.br; 123456
Usuário 33; usuario33@email.com.br; 123456
Usuário 34; usuario34@email.com.br; 123456
Usuário 35; usuario35@email.com.br; 123456
Usuário 36; usuario36@email.com.br; 123456
Usuário 37; usuario37@email.com.br; 123456
Usuário 38; usuario38@email.com.br; 123456
Usuário 39; usuario39@email.com.br; 123456
Usuário 40; usuario40@email.com.br; 123456
Usuário 41; usuario41@email.com.br; 123456
Usuário 42; usuario42@email.com.br; 123456
Usuário 43; usuario43@email.com.br; 123456
Usuário 44; usuario44@email.com.br; 123456
Usuário 45; usuario45@email.com.br; 123456
Usuário 46; usuario46@email.com.br; 123456
Usuário 47; usuario47@email.com.br; 123456
Usuário 48; usuario48@email.com.br; 123456
Usuário 49; usuario49@email.com.br; 123456
Usuário 50; usuario50@email.com.br; 123456
Usuário 51; usuario51@email.com.br; 123456
Usuário 52; usuario52@email.com.br; 123456
Usuário 53; usuario53@email.com.br; 123456
Usuário 54; usuario54@email.com.br; 123456
Usuário 55; usuario55@email.com.br; 123456
Usuário 56; usuario56@email.com.br; 123456
Usuário 57; usuario57@email.com.br; 123456
Usuário 58; usuario58@email.com.br; 123456
Usuário 59; usuario59@email.com.br; 123456
Usuário 60; usuario60@email.com.br; 123456
